lon,lat,longitude,latitude
-127.6476205,53.7266683,-127.6476205,53.7266683
76.7794179,30.7333148,76.7794179,30.7333148
-95.712891,37.09024,-95.712891,37.09024
-81.1637245,33.836081,-81.1637245,33.836081
-79.9414266,37.2709704,-79.9414266,37.2709704
-111.972514,54.7696415,-111.972514,54.7696415
-73.134961,40.789142,-73.134961,40.789142
-98.8719843,30.2752011,-98.8719843,30.2752011
-113.625642,53.6304753,-113.625642,53.6304753
-95.266826,36.249758,-95.266826,36.249758
-96.3699632,30.6743643,-96.3699632,30.6743643
-106.346771,56.130366,-106.346771,56.130366
-74.0059728,40.7127753,-74.0059728,40.7127753
-95.3698028,29.7604267,-95.3698028,29.7604267
-77.0863383,35.0821039,-77.0863383,35.0821039
-122.788377,45.4604,-122.788377,45.4604
-90.0332988,35.1079369,-90.0332988,35.1079369
-71.3824374,42.4072107,-71.3824374,42.4072107
-75.1652215,39.9525839,-75.1652215,39.9525839
-43.3996264,-22.7645391,-43.3996264,-22.7645391
-113.4909267,53.544389,-113.4909267,53.544389
-74.4056612,40.0583238,-74.4056612,40.0583238
-82.907123,40.4172871,-82.907123,40.4172871
-77.4360481,37.5407246,-77.4360481,37.5407246
-122.272747,37.8715926,-122.272747,37.8715926
-93.2650108,44.977753,-93.2650108,44.977753
-77.0909809,38.8816208,-77.0909809,38.8816208
-84.3879824,33.7489954,-84.3879824,33.7489954
-71.0588801,42.3600825,-71.0588801,42.3600825
-84.4013462,42.245869,-84.4013462,42.245869
-43.1728965,-22.9068467,-43.1728965,-22.9068467
-112.4291464,33.2917968,-112.4291464,33.2917968
-75.4007058,39.9868904,-75.4007058,39.9868904
-96.7969879,32.7766642,-96.7969879,32.7766642
-107.8140452,37.6302699,-107.8140452,37.6302699
-86.4808043,36.9685219,-86.4808043,36.9685219
-73.9321664,40.6232714,-73.9321664,40.6232714
-80.2767327,26.6514503,-80.2767327,26.6514503
-118.2436849,34.0522342,-118.2436849,34.0522342
-117.2712717,32.8328112,-117.2712717,32.8328112
-2.2426305,53.4807593,-2.2426305,53.4807593
-1.2577263,51.7520209,-1.2577263,51.7520209
-73.4948445,41.146763,-73.4948445,41.146763
0.407962,52.24488,0.407962,52.24488
-5.93012,54.597285,-5.93012,54.597285
5.291266,52.132633,5.291266,52.132633
-77.0368707,38.9071923,-77.0368707,38.9071923
-94.5785667,39.0997265,-94.5785667,39.0997265
-121.8946761,36.6002378,-121.8946761,36.6002378
-94.3413168,34.0378916,-94.3413168,34.0378916
-77.8868117,34.2103894,-77.8868117,34.2103894
-119.4179324,36.778261,-119.4179324,36.778261
-122.3320708,47.6062095,-122.3320708,47.6062095
-99.9018131,31.9685988,-99.9018131,31.9685988
-122.8490125,49.1913466,-122.8490125,49.1913466
-122.4194155,37.7749295,-122.4194155,37.7749295
-87.9403418,41.8994744,-87.9403418,41.8994744
-34.8450118,-7.1194958,-34.8450118,-7.1194958
-81.6326234,38.3498195,-81.6326234,38.3498195
-74.0218063,41.0589855,-74.0218063,41.0589855
-78.7518608,33.7951993,-78.7518608,33.7951993
-115.1398296,36.1699412,-115.1398296,36.1699412
73.1812187,22.3071588,73.1812187,22.3071588
-73.7823549,40.9114882,-73.7823549,40.9114882
-97.5164276,35.4675602,-97.5164276,35.4675602
-81.6943605,41.49932,-81.6943605,41.49932
-82.45974,27.993216,-82.45974,27.993216
-87.6297982,41.8781136,-87.6297982,41.8781136
-71.4948322,42.8678693,-71.4948322,42.8678693
153.0251235,-27.4697707,153.0251235,-27.4697707
-73.9458877,40.6632329,-73.9458877,40.6632329
-118.4751058,34.0651581,-118.4751058,34.0651581
106.8105998,-6.2614927,106.8105998,-6.2614927
-61.222503,10.691803,-61.222503,10.691803
-73.8205567,45.4895636,-73.8205567,45.4895636
5.8428281,51.8448837,5.8428281,51.8448837
-75.387693,39.9167783,-75.387693,39.9167783
-123.1207375,49.2827291,-123.1207375,49.2827291
-86.156483,39.7676769,-86.156483,39.7676769
-95.6400855,37.0329949,-95.6400855,37.0329949
-1.383801,54.906869,-1.383801,54.906869
2.3622582,41.5132248,2.3622582,41.5132248
23.6469832,37.9429857,23.6469832,37.9429857
-79.0192997,35.7595731,-79.0192997,35.7595731
-74.0824545,40.7199598,-74.0824545,40.7199598
110.7122465,-7.6145292,110.7122465,-7.6145292
-3.74922,40.463667,-3.74922,40.463667
39.1925048,21.485811,39.1925048,21.485811
-81.5157535,27.6648274,-81.5157535,27.6648274
-83.373339,42.5678534,-83.373339,42.5678534
28.2292712,-25.7478676,28.2292712,-25.7478676
-75.1594389,39.9532957,-75.1594389,39.9532957
-94.6858998,46.729553,-94.6858998,46.729553
-82.2569667,36.515694,-82.2569667,36.515694
-0.1277583,51.5073509,-0.1277583,51.5073509
18.0685808,59.3293235,18.0685808,59.3293235
-4.6679959,55.3649698,-4.6679959,55.3649698
-98.4842465,39.011902,-98.4842465,39.011902
-2.094523,53.478764,-2.094523,53.478764
-73.8584684,41.085652,-73.8584684,41.085652
69.345116,30.375321,69.345116,30.375321
-75.6522278,39.8737889,-75.6522278,39.8737889
-89.7004215,40.3084762,-89.7004215,40.3084762
7.7953337,51.4377453,7.7953337,51.4377453
-1.1743197,52.3555177,-1.1743197,52.3555177
7.4632841,51.3670777,7.4632841,51.3670777
-43.3699377,-22.7907116,-43.3699377,-22.7907116
-0.064649,52.79971,-0.064649,52.79971
19.145136,51.919438,19.145136,51.919438
5.8236706,51.0031681,5.8236706,51.0031681
72.8776559,19.0759837,72.8776559,19.0759837
-3.17909,51.481581,-3.17909,51.481581
-2.0809891,53.4805828,-2.0809891,53.4805828
-95.9915346,36.1568902,-95.9915346,36.1568902
-3.7837117,52.1306607,-3.7837117,52.1306607
-0.5599501,51.3147593,-0.5599501,51.3147593
-120.5542012,43.8041334,-120.5542012,43.8041334
-118.2459273,34.0500183,-118.2459273,34.0500183
13.404954,52.5200066,13.404954,52.5200066
78.96288,20.593684,78.96288,20.593684
-38.5269981,-3.7327144,-38.5269981,-3.7327144
106.845599,-6.2087634,106.845599,-6.2087634
14.4378005,50.0755381,14.4378005,50.0755381
113.921327,-0.789275,113.921327,-0.789275
-76.004923,41.2053599,-76.004923,41.2053599
-73.977617,40.7762676,-73.977617,40.7762676
-94.6030084,34.8955218,-94.6030084,34.8955218
-117.9211014,33.6367575,-117.9211014,33.6367575
-106.650422,35.0843859,-106.650422,35.0843859
-90.4973286,36.0584021,-90.4973286,36.0584021
-114.7420408,44.0682019,-114.7420408,44.0682019
-59.543198,13.193887,-59.543198,13.193887
-73.9441579,40.6781784,-73.9441579,40.6781784
-71.0040013,42.2079017,-71.0040013,42.2079017
12.56738,41.87194,12.56738,41.87194
-77.0486233,38.9029612,-77.0486233,38.9029612
151.2092955,-33.8688197,151.2092955,-33.8688197
-116.419389,34.9592083,-116.419389,34.9592083
-72.307869,43.7153482,-72.307869,43.7153482
-86.01335,39.9567548,-86.01335,39.9567548
107.6191228,-6.9174639,107.6191228,-6.9174639
-1.5200789,52.2851905,-1.5200789,52.2851905
-51.92528,-14.235004,-51.92528,-14.235004
-83.9296526,39.6847822,-83.9296526,39.6847822
-77.1945247,41.2033216,-77.1945247,41.2033216
-90.1994042,38.6270025,-90.1994042,38.6270025
-80.6326916,26.3013917,-80.6326916,26.3013917
151.6676377,-30.2168387,151.6676377,-30.2168387
-85.6811017,42.9851272,-85.6811017,42.9851272
-52.7125768,47.5615096,-52.7125768,47.5615096
-106.0975203,39.5744309,-106.0975203,39.5744309
2.6370411,48.8499198,2.6370411,48.8499198
-91.1871466,30.4514677,-91.1871466,30.4514677
-87.9064736,43.0389025,-87.9064736,43.0389025
-75.1969346,39.8422093,-75.1969346,39.8422093
-81.9320482,34.9495672,-81.9320482,34.9495672
-95.111255,37.1651374,-95.111255,37.1651374
-88.9936873,40.4842027,-88.9936873,40.4842027
-83.5378674,41.6528052,-83.5378674,41.6528052
12.3401709,62.2786475,12.3401709,62.2786475
23.7275388,37.9838096,23.7275388,37.9838096
-88.7878678,43.7844397,-88.7878678,43.7844397
-72.9278835,41.308274,-72.9278835,41.308274
-82.4456973,38.4156048,-82.4456973,38.4156048
-71.4547891,42.9956397,-71.4547891,42.9956397
-92.4801989,44.0121221,-92.4801989,44.0121221
-75.085295,40.010837,-75.085295,40.010837
-93.097702,41.8780025,-93.097702,41.8780025
-91.9623327,30.9842977,-91.9623327,30.9842977
-86.7816016,36.1626638,-86.7816016,36.1626638
-95.992775,36.1539816,-95.992775,36.1539816
-78.6381787,35.7795897,-78.6381787,35.7795897
-117.8265049,33.6845673,-117.8265049,33.6845673
-3.413702,50.619957,-3.413702,50.619957
-90.0489801,35.1495343,-90.0489801,35.1495343
-3.435973,55.378051,-3.435973,55.378051
-112.0740373,33.4483771,-112.0740373,33.4483771
-83.036027,29.135971,-83.036027,29.135971
-99.7558884,32.3988836,-99.7558884,32.3988836
-81.3792365,28.5383355,-81.3792365,28.5383355
-76.8867008,40.2731911,-76.8867008,40.2731911
-76.6121893,39.2903848,-76.6121893,39.2903848
-80.2331036,26.1275862,-80.2331036,26.1275862
-77.6088465,43.1565779,-77.6088465,43.1565779
-79.3831843,43.653226,-79.3831843,43.653226
-91.8318334,37.9642529,-91.8318334,37.9642529
-90.1717987,44.6688524,-90.1717987,44.6688524
-79.9558968,39.629526,-79.9558968,39.629526
4.3517211,50.8503463,4.3517211,50.8503463
-88.0017261,41.673642,-88.0017261,41.673642
-81.655651,30.3321838,-81.655651,30.3321838
-97.938351,29.888411,-97.938351,29.888411
-95.6963355,30.3882613,-95.6963355,30.3882613
46.6752957,24.7135517,46.6752957,24.7135517
-87.2169149,30.421309,-87.2169149,30.421309
-75.1946248,40.9867609,-75.1946248,40.9867609
-105.0813734,39.7047095,-105.0813734,39.7047095
-85.323214,51.253775,-85.323214,51.253775
-74.511172,40.3025907,-74.511172,40.3025907
-75.4714098,40.6022939,-75.4714098,40.6022939
-79.9958864,40.4406248,-79.9958864,40.4406248
-86.1349019,40.2671941,-86.1349019,40.2671941
-73.1227416,7.119349,-73.1227416,7.119349
-85.6023643,44.3148443,-85.6023643,44.3148443
-76.7868223,18.0141722,-76.7868223,18.0141722
-122.3880624,37.6174563,-122.3880624,37.6174563
-63.4168136,46.510712,-63.4168136,46.510712
-71.1097335,42.3736158,-71.1097335,42.3736158
-63.664938,45.854933,-63.664938,45.854933
-83.9879625,33.9562149,-83.9879625,33.9562149
-73.8370786,40.9125992,-73.8370786,40.9125992
-94.8191285,38.8813958,-94.8191285,38.8813958
-76.6412712,39.0457549,-76.6412712,39.0457549
-2.0218293,52.6999408,-2.0218293,52.6999408
80.9461592,26.8467088,80.9461592,26.8467088
139.6917064,35.6894875,139.6917064,35.6894875
-2.081112,52.512255,-2.081112,52.512255
-77.4985673,38.9120704,-77.4985673,38.9120704
-121.8863286,37.3382082,-121.8863286,37.3382082
143.95555,-6.314993,143.95555,-6.314993
93.7536663,25.8629885,93.7536663,25.8629885
2.1734035,41.3850639,2.1734035,41.3850639
0.1171786,51.4519021,0.1171786,51.4519021
-90.0715323,29.9510658,-90.0715323,29.9510658
-0.0909852,51.5123443,-0.0909852,51.5123443
75.0177029,29.5335931,75.0177029,29.5335931
-1.2660382,51.7785091,-1.2660382,51.7785091
-97.9364326,35.052565,-97.9364326,35.052565
138.6007456,-34.9284989,138.6007456,-34.9284989
103.819836,1.352083,103.819836,1.352083
-70.9467133,42.2459331,-70.9467133,42.2459331
77.3910265,28.5355161,77.3910265,28.5355161
-93.2929161,37.2249884,-93.2929161,37.2249884
-122.910956,49.2057179,-122.910956,49.2057179
-82.4571776,27.950575,-82.4571776,27.950575
-117.1261505,32.8396199,-117.1261505,32.8396199
-63.744311,44.6819866,-63.744311,44.6819866
-123.2620435,44.5645659,-123.2620435,44.5645659
-47.8103238,-21.1704008,-47.8103238,-21.1704008
-78.898619,35.9940329,-78.898619,35.9940329
-122.2711137,37.8043637,-122.2711137,37.8043637
-82.7535049,39.8842304,-82.7535049,39.8842304
-84.3782734,39.2320029,-84.3782734,39.2320029
-98.4936282,29.4241219,-98.4936282,29.4241219
-82.4065901,42.974536,-82.4065901,42.974536
-97.7430608,30.267153,-97.7430608,30.267153
-104.990251,39.7392358,-104.990251,39.7392358
-74.2401609,40.8298006,-74.2401609,40.8298006
-117.1610838,32.715738,-117.1610838,32.715738
-74.2057011,41.0167639,-74.2057011,41.0167639
-3.2239582,51.4944589,-3.2239582,51.4944589
-86.48984,46.273527,-86.48984,46.273527
-123.3656444,48.4284207,-123.3656444,48.4284207
-83.2948922,36.2139814,-83.2948922,36.2139814
-75.1204934,39.9439654,-75.1204934,39.9439654
-122.2220674,47.5706548,-122.2220674,47.5706548
-1.3927199,52.9133513,-1.3927199,52.9133513
-79.8711024,43.2557206,-79.8711024,43.2557206
-84.5120196,39.1031182,-84.5120196,39.1031182
-117.9988026,33.6594835,-117.9988026,33.6594835
-105.7820674,39.5500507,-105.7820674,39.5500507
-120.7401385,47.7510741,-120.7401385,47.7510741
-74.2286435,40.7263249,-74.2286435,40.7263249
-75.1926937,40.1416782,-75.1926937,40.1416782
-79.2906976,43.6722468,-79.2906976,43.6722468
-72.2495231,41.8084314,-72.2495231,41.8084314
-111.891363,40.767829,-111.891363,40.767829
-121.9877444,38.3565773,-121.9877444,38.3565773
-118.081733,33.9022367,-118.081733,33.9022367
-118.3089624,33.8883487,-118.3089624,33.8883487
-118.2250725,33.9816812,-118.2250725,33.9816812
-77.0947092,38.984652,-77.0947092,38.984652
-105.2551187,54.5259614,-105.2551187,54.5259614
77.2090212,28.6139391,77.2090212,28.6139391
-119.7029194,36.8252277,-119.7029194,36.8252277
-56.1645314,-34.9011127,-56.1645314,-34.9011127
-74.0381143,40.2276709,-74.0381143,40.2276709
-6.2603097,53.3498053,-6.2603097,53.3498053
2.3522219,48.856614,2.3522219,48.856614
-79.7919754,36.0726354,-79.7919754,36.0726354
-105.2227978,35.5942137,-105.2227978,35.5942137
-89.6515763,39.802343,-89.6515763,39.802343
-63.5752387,44.6487635,-63.5752387,44.6487635
-87.8445119,42.1711365,-87.8445119,42.1711365
-80.244216,36.0998596,-80.244216,36.0998596
1.5208624,41.5911589,1.5208624,41.5911589
-101.7203993,41.1282178,-101.7203993,41.1282178
-122.0363496,37.36883,-122.0363496,37.36883
-76.0763305,38.7742826,-76.0763305,38.7742826
-75.5276699,38.9108325,-75.5276699,38.9108325
-81.378447,40.7989473,-81.378447,40.7989473
11.8796336,43.4632839,11.8796336,43.4632839
0.4690888,51.7343313,0.4690888,51.7343313
4.5281733,52.1509854,4.5281733,52.1509854
-84.1593818,39.6283928,-84.1593818,39.6283928
-2.010793,52.5361674,-2.010793,52.5361674
-0.2376744,51.8097823,-0.2376744,51.8097823
-82.4542632,27.0997775,-82.4542632,27.0997775
16.6043199,40.666379,16.6043199,40.666379
-111.0937311,34.0489281,-111.0937311,34.0489281
-1.3259683,53.4696968,-1.3259683,53.4696968
88.363895,22.572646,88.363895,22.572646
-80.0461688,44.4971653,-80.0461688,44.4971653
-78.4678382,-0.1806532,-78.4678382,-0.1806532
-123.1146598,49.2841278,-123.1146598,49.2841278
78.1358472,29.3724422,78.1358472,29.3724422
101.686855,3.139003,101.686855,3.139003
144.793731,13.444304,144.793731,13.444304
-97.092877,35.0077519,-97.092877,35.0077519
-89.7984096,32.3129234,-89.7984096,32.3129234
-77.3783789,39.1289725,-77.3783789,39.1289725
-74.0303643,40.7435272,-74.0303643,40.7435272
114.109497,22.396428,114.109497,22.396428
-117.9298493,33.6188829,-117.9298493,33.6188829
-121.4943996,38.5815719,-121.4943996,38.5815719
124.9229946,8.0515054,124.9229946,8.0515054
-157.8583333,21.3069444,-157.8583333,21.3069444
-97.8530686,30.5788055,-97.8530686,30.5788055
-84.2700179,37.8393332,-84.2700179,37.8393332
-87.5710898,37.9715592,-87.5710898,37.9715592
-158.125548,21.3393551,-158.125548,21.3393551
-91.8318334,35.20105,-91.8318334,35.20105
32.8597419,39.9333635,32.8597419,39.9333635
-87.9631308,42.1662831,-87.9631308,42.1662831
-83.0790865,42.8105356,-83.0790865,42.8105356
-90.4974359,38.7881062,-90.4974359,38.7881062
-122.6587185,45.5122308,-122.6587185,45.5122308
-84.38131,33.8616694,-84.38131,33.8616694
-86.158068,39.768403,-86.158068,39.768403
-97.3307658,32.7554883,-97.3307658,32.7554883
-73.9925304,40.7328197,-73.9925304,40.7328197
-110.2772856,31.5455001,-110.2772856,31.5455001
100.5017651,13.7563309,100.5017651,13.7563309
-81.3178446,28.7588833,-81.3178446,28.7588833
-94.7976958,29.3013479,-94.7976958,29.3013479
-96.9178229,32.8949441,-96.9178229,32.8949441
-71.072643,42.351122,-71.072643,42.351122
-77.3645653,35.6055108,-77.3645653,35.6055108
-85.7584557,38.2526647,-85.7584557,38.2526647
-99.133208,19.4326077,-99.133208,19.4326077
-80.8431267,35.2270869,-80.8431267,35.2270869
-77.0469214,38.8048355,-77.0469214,38.8048355
16.8718715,41.1171432,16.8718715,41.1171432
-76.1783739,40.0466571,-76.1783739,40.0466571
-82.9000751,32.1656221,-82.9000751,32.1656221
-3.073754,53.3727181,-3.073754,53.3727181
32.7520139,0.3548655,32.7520139,0.3548655
-117.8531007,33.7879139,-117.8531007,33.7879139
-1.3080629,51.0576948,-1.3080629,51.0576948
-92.0198427,30.2240897,-92.0198427,30.2240897
-120.3107256,47.4245218,-120.3107256,47.4245218
-86.954437,33.4017766,-86.954437,33.4017766
-122.4702079,37.6879241,-122.4702079,37.6879241
0.0352163,51.5255162,0.0352163,51.5255162
-122.2049066,47.6753782,-122.2049066,47.6753782
-82.6402915,27.7676008,-82.6402915,27.7676008
-80.2289571,26.3496347,-80.2289571,26.3496347
-86.8103567,33.5185892,-86.8103567,33.5185892
-72.8305154,41.8096201,-72.8305154,41.8096201
-85.615517,38.345068,-85.615517,38.345068
-77.026088,38.9906657,-77.026088,38.9906657
9.189982,45.4642035,9.189982,45.4642035
-8.6291053,41.1579438,-8.6291053,41.1579438
-79.433391,43.8590346,-79.433391,43.8590346
-89.3985283,32.3546679,-89.3985283,32.3546679
-76.6485822,39.0574783,-76.6485822,39.0574783
20.4489216,44.786568,20.4489216,44.786568
55.2707828,25.2048493,55.2707828,25.2048493
-78.7811169,35.79154,-78.7811169,35.79154
-81.834605,41.0691761,-81.834605,41.0691761
-1.1581086,52.9547832,-1.1581086,52.9547832
0.121817,52.205337,0.121817,52.205337
-119.0187125,35.3732921,-119.0187125,35.3732921
-121.4927067,38.5793282,-121.4927067,38.5793282
-122.5449763,37.9060368,-122.5449763,37.9060368
-86.8515279,21.161908,-86.8515279,21.161908
-110.966488,32.3909071,-110.966488,32.3909071
-87.2775053,33.8312185,-87.2775053,33.8312185
-95.8243956,29.7857853,-95.8243956,29.7857853
-74.072092,4.7109886,-74.072092,4.7109886
-87.5261458,41.1897566,-87.5261458,41.1897566
-70.2133622,41.6521348,-70.2133622,41.6521348
-158.1848755,21.4359641,-158.1848755,21.4359641
-71.5723953,43.1938516,-71.5723953,43.1938516
-87.879523,41.766022,-87.879523,41.766022
-102.3676431,31.8456816,-102.3676431,31.8456816
103.4049445,0.7697665,103.4049445,0.7697665
-111.0937311,39.3209801,-111.0937311,39.3209801
-121.9552356,37.3541079,-121.9552356,37.3541079
-76.1717547,43.1856814,-76.1717547,43.1856814
-76.4921829,38.9784453,-76.4921829,38.9784453
-121.8994016,36.9771729,-121.8994016,36.9771729
-76.568141,44.2618708,-76.568141,44.2618708
-97.1080656,32.735687,-97.1080656,32.735687
-113.5849611,53.5707363,-113.5849611,53.5707363
-95.6170928,37.0378225,-95.6170928,37.0378225
-67.6033952,46.150266,-67.6033952,46.150266
-74.1824367,40.0804742,-74.1824367,40.0804742
-76.1474244,43.0481221,-76.1474244,43.0481221
-92.1735164,38.5767017,-92.1735164,38.5767017
-122.3313685,47.6272507,-122.3313685,47.6272507
-84.0167423,33.9190653,-84.0167423,33.9190653
-71.4774291,41.5800945,-71.4774291,41.5800945
-81.6781467,29.9919085,-81.6781467,29.9919085
9.4709494,53.5928618,9.4709494,53.5928618
-74.4120953,40.5187154,-74.4120953,40.5187154
-77.1527578,39.0839973,-77.1527578,39.0839973
-122.1660756,37.424106,-122.1660756,37.424106
-76.4859544,44.2311717,-76.4859544,44.2311717
-1.470085,53.381129,-1.470085,53.381129
-7.6920536,53.1423672,-7.6920536,53.1423672
-3.188267,55.953252,-3.188267,55.953252
-93.0899578,44.9537029,-93.0899578,44.9537029
-2.12066,52.806693,-2.12066,52.806693
57.552152,-20.348404,57.552152,-20.348404
-0.1156148,51.4612794,-0.1156148,51.4612794
-6.2802213,54.8652935,-6.2802213,54.8652935
-74.297333,4.570868,-74.297333,4.570868
4.4777326,51.9244201,4.4777326,51.9244201
13.7768182,45.6495264,13.7768182,45.6495264
-96.825427,32.9481447,-96.825427,32.9481447
-2.2405035,53.7892877,-2.2405035,53.7892877
33.3822764,35.1855659,33.3822764,35.1855659
-98.1836216,26.1947962,-98.1836216,26.1947962
-83.2218731,42.4733688,-83.2218731,42.4733688
-94.6707917,38.9822282,-94.6707917,38.9822282
-0.2405299,52.5694985,-0.2405299,52.5694985
-62.6451191,45.5871702,-62.6451191,45.5871702
-82.9987942,39.9611755,-82.9987942,39.9611755
35.5914275,33.9224589,35.5914275,33.9224589
-79.0558445,35.9131996,-79.0558445,35.9131996
33.429859,35.126413,33.429859,35.126413
-73.5240738,40.7580684,-73.5240738,40.7580684
8.541694,47.3768866,8.541694,47.3768866
-2.737095,53.456307,-2.737095,53.456307
-0.4666513,52.1359783,-0.4666513,52.1359783
-47.9218204,-15.826691,-47.9218204,-15.826691
-0.319955,52.543725,-0.319955,52.543725
0.4685497,51.7355868,0.4685497,51.7355868
12.5683372,55.6760968,12.5683372,55.6760968
54.4848423,24.3699392,54.4848423,24.3699392
-122.8231915,47.0342629,-122.8231915,47.0342629
-121.6913439,38.1557502,-121.6913439,38.1557502
-1.128462,53.52282,-1.128462,53.52282
0.8864021,52.6139686,0.8864021,52.6139686
175.1080146,-36.8019237,175.1080146,-36.8019237
-121.2243214,38.7425292,-121.2243214,38.7425292
-115.1728484,36.1147065,-115.1728484,36.1147065
2.3112488,48.8403734,2.3112488,48.8403734
-88.0111746,41.8089191,-88.0111746,41.8089191
-123.0724139,49.3199816,-123.0724139,49.3199816
140.4675514,37.7502986,140.4675514,37.7502986
-79.0377388,43.0962143,-79.0377388,43.0962143
-118.3758828,34.0731137,-118.3758828,34.0731137
-102.552784,23.634501,-102.552784,23.634501
-117.8311428,33.7174708,-117.8311428,33.7174708
-72.5215009,41.7759301,-72.5215009,41.7759301
-75.9746472,40.9584181,-75.9746472,40.9584181
-89.3985283,40.6331249,-89.3985283,40.6331249
-97.1338899,29.98556,-97.1338899,29.98556
-89.6811799,41.8019705,-89.6811799,41.8019705
-51.2176584,-30.0346471,-51.2176584,-30.0346471
-96.6827565,32.8799598,-96.6827565,32.8799598
9.921747,57.0488195,9.921747,57.0488195
24.96676,45.943161,24.96676,45.943161
-82.0105148,33.4734978,-82.0105148,33.4734978
-46.8978057,-23.1857076,-46.8978057,-23.1857076
-86.1180435,39.978371,-86.1180435,39.978371
-66.3174271,18.3410116,-66.3174271,18.3410116
-2.6325074,53.5450645,-2.6325074,53.5450645
-94.6580927,39.0228065,-94.6580927,39.0228065
-86.5804473,35.5174913,-86.5804473,35.5174913
-97.175363,32.8324224,-97.175363,32.8324224
-82.2945923,38.4095298,-82.2945923,38.4095298
31.2357116,30.0444196,31.2357116,30.0444196
-0.399752,54.283113,-0.399752,54.283113
-1.541812,53.99212,-1.541812,53.99212
-1.5412015,53.9915028,-1.5412015,53.9915028
-1.265032,52.370878,-1.265032,52.370878
-0.189866,51.4493354,-0.189866,51.4493354
6.0838868,50.7753455,6.0838868,50.7753455
-0.0815066,53.5668201,-0.0815066,53.5668201
25.7481511,61.92411,25.7481511,61.92411
-80.2532249,26.3107774,-80.2532249,26.3107774
-117.151325,32.712931,-117.151325,32.712931
75.8617171,26.8176736,75.8617171,26.8176736
-85.6602058,30.1588129,-85.6602058,30.1588129
112.6326321,-7.9666204,112.6326321,-7.9666204
-93.6319131,42.0307812,-93.6319131,42.0307812
-75.977985,36.8529263,-75.977985,36.8529263
-90.2787,38.69771,-90.2787,38.69771
144.7851531,-37.4713077,144.7851531,-37.4713077
-69.7753222,44.2300698,-69.7753222,44.2300698
-73.9612887,41.9209018,-73.9612887,41.9209018
-73.2026138,40.8256536,-73.2026138,40.8256536
-3.576945,51.504286,-3.576945,51.504286
36.3360667,41.2797031,36.3360667,41.2797031
-115.1745559,36.1023715,-115.1745559,36.1023715
-77.2405153,38.9085472,-77.2405153,38.9085472
-84.4076337,33.7213834,-84.4076337,33.7213834
1.805886,41.2371851,1.805886,41.2371851
0.578411,51.517083,0.578411,51.517083
-117.6581562,33.5968913,-117.6581562,33.5968913
-94.8724706,40.3461017,-94.8724706,40.3461017
-8.9588478,51.9048039,-8.9588478,51.9048039
107.6095476,-6.9180035,107.6095476,-6.9180035
-64.7782313,46.0878165,-64.7782313,46.0878165
-97.59976,35.2472869,-97.59976,35.2472869
-72.878383,42.622664,-72.878383,42.622664
-73.9521468,40.7766412,-73.9521468,40.7766412
-80.3511953,33.6082184,-80.3511953,33.6082184
-2.217758,51.745734,-2.217758,51.745734
-4.2901015,55.890524,-4.2901015,55.890524
135.5021651,34.6937378,135.5021651,34.6937378
-41.8476941,-20.6905191,-41.8476941,-20.6905191
-0.5732182,51.2330699,-0.5732182,51.2330699
75.7872709,26.9124336,75.7872709,26.9124336
-2.4282192,53.5768647,-2.4282192,53.5768647
2.213749,46.227638,2.213749,46.227638
12.6197253,41.4495955,12.6197253,41.4495955
77.5945627,12.9715987,77.5945627,12.9715987
72.5713621,23.022505,72.5713621,23.022505
-2.0782533,51.8993855,-2.0782533,51.8993855
-86.902298,32.3182314,-86.902298,32.3182314
-97.0403352,32.8998091,-97.0403352,32.8998091
-46.6333094,-23.5505199,-46.6333094,-23.5505199
-72.5778415,44.5588028,-72.5778415,44.5588028
-87.9587538,36.8964067,-87.9587538,36.8964067
-95.4462919,29.9194375,-95.4462919,29.9194375
153.4,-28.016667,153.4,-28.016667
-106.321845,42.8455531,-106.321845,42.8455531
-74.4514576,40.8515819,-74.4514576,40.8515819
-70.9640988,41.9852391,-70.9640988,41.9852391
-93.2922989,37.2089572,-93.2922989,37.2089572
-80.2644254,43.1393867,-80.2644254,43.1393867
108.2171633,-7.3505808,108.2171633,-7.3505808
-122.0651819,37.9100783,-122.0651819,37.9100783
-50.4847577,-20.1975779,-50.4847577,-20.1975779
-0.8755515,52.2729944,-0.8755515,52.2729944
-4.2026458,56.4906712,-4.2026458,56.4906712
-4.312131,51.85762,-4.312131,51.85762
-80.1917902,25.7616798,-80.1917902,25.7616798
-96.9209135,32.7078751,-96.9209135,32.7078751
-82.9824019,39.3331197,-82.9824019,39.3331197
-85.6680863,42.9633599,-85.6680863,42.9633599
-96.3864428,44.7656804,-96.3864428,44.7656804
-88.2825668,42.0354084,-88.2825668,42.0354084
-80.2481666,43.5448048,-80.2481666,43.5448048
-2.970721,56.462018,-2.970721,56.462018
-88.1064787,43.0605671,-88.1064787,43.0605671
-83.336188,42.5921924,-83.336188,42.5921924
-75.5643923,39.7548625,-75.5643923,39.7548625
-83.7430378,42.2808256,-83.7430378,42.2808256
-71.0688334,42.3631542,-71.0688334,42.3631542
-89.4012302,43.0730517,-89.4012302,43.0730517
-78.8783689,42.8864468,-78.8783689,42.8864468
-2.9915726,53.4083714,-2.9915726,53.4083714
-118.2965084,33.7906551,-118.2965084,33.7906551
-3.5443928,55.9033656,-3.5443928,55.9033656
-105.0749801,40.3977612,-105.0749801,40.3977612
-117.9188221,33.6412156,-117.9188221,33.6412156
-78.6234489,33.8717908,-78.6234489,33.8717908
-86.8831805,33.3979113,-86.8831805,33.3979113
-83.0457538,42.331427,-83.0457538,42.331427
-71.2092214,42.3370413,-71.2092214,42.3370413
-71.3953388,42.458427,-71.3953388,42.458427
-71.43284,42.4850931,-71.43284,42.4850931
-94.8276167,38.8623186,-94.8276167,38.8623186
-87.5900134,37.8361538,-87.5900134,37.8361538
-78.4594522,38.665397,-78.4594522,38.665397
6.1431577,46.2043907,6.1431577,46.2043907
-75.4258399,40.0499216,-75.4258399,40.0499216
117.3616476,39.3433574,117.3616476,39.3433574
-77.1772604,38.9338676,-77.1772604,38.9338676
-92.2895948,34.7464809,-92.2895948,34.7464809
-93.6249593,41.5868353,-93.6249593,41.5868353
0.076251,51.556619,0.076251,51.556619
-1.1444927,51.4308255,-1.1444927,51.4308255
-74.4884868,40.497604,-74.4884868,40.497604
-82.4548727,27.9483566,-82.4548727,27.9483566
-91.6656232,41.9778795,-91.6656232,41.9778795
-87.7309265,42.1042799,-87.7309265,42.1042799
-122.0838511,37.3860517,-122.0838511,37.3860517
-83.6324022,32.8406946,-83.6324022,32.8406946
-84.2807329,30.4382559,-84.2807329,30.4382559
-3.805476,51.656991,-3.805476,51.656991
-0.0773984,51.5273471,-0.0773984,51.5273471
0.488736,51.576084,0.488736,51.576084
0.68484,47.394144,0.68484,47.394144
-84.1916069,39.7589478,-84.1916069,39.7589478
4.6591318,52.0312972,4.6591318,52.0312972
54.6500736,24.441938,54.6500736,24.441938
11.4978895,48.7904472,11.4978895,48.7904472
-122.9888319,38.5779555,-122.9888319,38.5779555
1.3134027,51.1278758,1.3134027,51.1278758
-86.5861037,34.7303688,-86.5861037,34.7303688
133.775136,-25.274398,133.775136,-25.274398
-75.9107565,43.9747838,-75.9107565,43.9747838
152.8907012,-27.6623555,152.8907012,-27.6623555
-66.4619164,46.5653163,-66.4619164,46.5653163
-81.4401129,41.3125552,-81.4401129,41.3125552
-70.8226541,43.9653889,-70.8226541,43.9653889
-46.5567066,-23.1175492,-46.5567066,-23.1175492
-81.5407793,28.3188815,-81.5407793,28.3188815
-74.891865,44.9281049,-74.891865,44.9281049
-72.9341466,40.954055,-72.9341466,40.954055
125.455341,7.190708,125.455341,7.190708
-75.9113306,40.0942664,-75.9113306,40.0942664
-89.9845476,38.6703266,-89.9845476,38.6703266
-76.0488458,43.0481962,-76.0488458,43.0481962
-91.4168371,41.9219522,-91.4168371,41.9219522
-89.2476823,48.3808951,-89.2476823,48.3808951
-94.6169012,38.966673,-94.6169012,38.966673
-64.896335,18.335765,-64.896335,18.335765
-89.9839935,38.5200504,-89.9839935,38.5200504
35.21371,31.768319,35.21371,31.768319
-82.8001026,27.9658533,-82.8001026,27.9658533
-88.1535352,41.7508391,-88.1535352,41.7508391
-2.9376445,54.3739306,-2.9376445,54.3739306
-71.1956205,42.5047161,-71.1956205,42.5047161
-73.3292857,40.7617653,-73.3292857,40.7617653
-75.6971931,45.4215296,-75.6971931,45.4215296
-122.2913078,37.8271784,-122.2913078,37.8271784
-94.548266,37.0990248,-94.548266,37.0990248
4.7533754,52.6323813,4.7533754,52.6323813
-118.4003563,34.0736204,-118.4003563,34.0736204
-72.589811,42.1014831,-72.589811,42.1014831
-97.4394777,35.2225668,-97.4394777,35.2225668
-95.6291268,37.0329119,-95.6291268,37.0329119
-61.9902908,45.6223596,-61.9902908,45.6223596
9.4524972,0.3838538,9.4524972,0.3838538
-111.9260519,33.4941704,-111.9260519,33.4941704
-81.2452768,42.9849233,-81.2452768,42.9849233
-99.5075519,27.5035613,-99.5075519,27.5035613
-76.727745,39.9625984,-76.727745,39.9625984
53.688046,32.427908,53.688046,32.427908
-2.0330954,52.1525178,-2.0330954,52.1525178
-118.383297,34.058839,-118.383297,34.058839
-97.1330683,33.2148412,-97.1330683,33.2148412
-76.8099041,18.0178743,-76.8099041,18.0178743
-77.297508,18.109581,-77.297508,18.109581
-93.239334,33.2670725,-93.239334,33.2670725
-83.9207392,35.9606384,-83.9207392,35.9606384
-0.137163,50.82253,-0.137163,50.82253
-111.0455143,41.7797118,-111.0455143,41.7797118
-84.5222189,39.440463,-84.5222189,39.440463
-1.7642575,53.248313,-1.7642575,53.248313
139.7040506,35.6617773,139.7040506,35.6617773
-8.6267343,52.6638367,-8.6267343,52.6638367
-79.4196783,44.6082465,-79.4196783,44.6082465
-78.0041649,38.0251394,-78.0041649,38.0251394
-8.3484024,52.3736218,-8.3484024,52.3736218
-1.384816,53.927056,-1.384816,53.927056
-79.3950228,36.5859718,-79.3950228,36.5859718
4.9035614,52.3679843,4.9035614,52.3679843
-108.7289882,39.1588696,-108.7289882,39.1588696
-81.0348144,34.0007104,-81.0348144,34.0007104
0.1293497,51.5464828,0.1293497,51.5464828
-81.7728543,28.5494447,-81.7728543,28.5494447
-97.502713,35.635143,-97.502713,35.635143
-96.7983877,44.3113573,-96.7983877,44.3113573
-87.4886186,36.8656008,-87.4886186,36.8656008
144.9630576,-37.8136276,144.9630576,-37.8136276
-2.997664,51.584151,-2.997664,51.584151
-1.982919,52.586214,-1.982919,52.586214
115.0919509,-8.3405389,115.0919509,-8.3405389
6.9969327,49.2401572,6.9969327,49.2401572
-84.5037164,38.0405837,-84.5037164,38.0405837
18.4130763,43.8562586,18.4130763,43.8562586
-0.3101169,51.486073,-0.3101169,51.486073
-118.4911912,34.0194543,-118.4911912,34.0194543
151.4212327,-33.3163082,151.4212327,-33.3163082
-105.8700901,34.5199402,-105.8700901,34.5199402
-116.2023137,43.6150186,-116.2023137,43.6150186
-118.4056388,33.93183,-118.4056388,33.93183
153.436944,-28.067222,153.436944,-28.067222
-84.0832646,37.1289771,-84.0832646,37.1289771
80.2707184,13.0826802,80.2707184,13.0826802
-117.6508876,34.0633443,-117.6508876,34.0633443
80.946166,26.8466937,80.946166,26.8466937
-82.3549302,29.6436325,-82.3549302,29.6436325
-99.9961947,25.592172,-99.9961947,25.592172
-1.890401,52.486243,-1.890401,52.486243
-70.2962408,41.6687897,-70.2962408,41.6687897
-87.771964,41.909611,-87.771964,41.909611
-110.3625658,46.8796822,-110.3625658,46.8796822
-81.8114715,27.5472589,-81.8114715,27.5472589
-117.2358106,32.8752008,-117.2358106,32.8752008
-83.2417994,42.1389839,-83.2417994,42.1389839
-80.4925337,43.4516395,-80.4925337,43.4516395
-96.3872105,33.8334343,-96.3872105,33.8334343
-95.405859,37.921195,-95.405859,37.921195
-71.2356113,42.3764852,-71.2356113,42.3764852
-88.3200715,41.7605849,-88.3200715,41.7605849
-75.3835525,40.1012856,-75.3835525,40.1012856
-81.6848188,35.7454071,-81.6848188,35.7454071
-111.8314724,33.4151843,-111.8314724,33.4151843
0.0823976,51.58861,0.0823976,51.58861
-84.9193082,34.7787365,-84.9193082,34.7787365
-1.880769,50.719164,-1.880769,50.719164
-94.1465401,36.1251254,-94.1465401,36.1251254
-79.3321626,43.7209025,-79.3321626,43.7209025
-73.96785,40.757627,-73.96785,40.757627
-111.9391031,40.6096698,-111.9391031,40.6096698
-73.9357332,40.7546807,-73.9357332,40.7546807
-82.5514869,35.5950581,-82.5514869,35.5950581
-100.973678,25.4383234,-100.973678,25.4383234
-86.3077368,32.3792233,-86.3077368,32.3792233
-88.0398912,30.6953657,-88.0398912,30.6953657
-88.0956396,42.4772418,-88.0956396,42.4772418
-84.198579,34.0289259,-84.198579,34.0289259
-79.3692322,43.6528527,-79.3692322,43.6528527
-83.9293952,42.6072552,-83.9293952,42.6072552
-79.570512,43.6190986,-79.570512,43.6190986
-99.3267702,38.8791783,-99.3267702,38.8791783
-94.6557914,39.0277832,-94.6557914,39.0277832
-84.1190804,34.4212052,-84.1190804,34.4212052
-95.3761506,40.7667389,-95.3761506,40.7667389
-110.9747108,32.2226066,-110.9747108,32.2226066
-0.300689,51.41233,-0.300689,51.41233
-2.6541002,53.7897081,-2.6541002,53.7897081
-1.8654487,50.8789783,-1.8654487,50.8789783
4.835659,45.764043,4.835659,45.764043
-0.774936,50.83761,-0.774936,50.83761
-82.3525952,26.9620053,-82.3525952,26.9620053
-5.8236224,54.8578003,-5.8236224,54.8578003
78.486671,17.385044,78.486671,17.385044
-74.3984834,40.391774,-74.3984834,40.391774
-83.1140771,40.0992294,-83.1140771,40.0992294
-2.893075,53.193392,-2.893075,53.193392
-93.5557156,48.3988322,-93.5557156,48.3988322
121.3874856,25.0334479,121.3874856,25.0334479
-105.2705456,40.0149856,-105.2705456,40.0149856
4.3023571,52.1044505,4.3023571,52.1044505
-74.0009,40.72967,-74.0009,40.72967
-113.5975533,53.5700247,-113.5975533,53.5700247
-73.9817734,40.7474791,-73.9817734,40.7474791
-116.8056484,47.6950364,-116.8056484,47.6950364
-40.2957768,-20.2976178,-40.2957768,-20.2976178
-73.953082,40.587786,-73.953082,40.587786
-117.2340135,32.8800604,-117.2340135,32.8800604
-118.442596,34.0412085,-118.442596,34.0412085
-83.985,42.43472,-83.985,42.43472
-1.1397592,52.6368778,-1.1397592,52.6368778
-2.1578377,53.4575955,-2.1578377,53.4575955
16.3738189,48.2081743,16.3738189,48.2081743
-73.5491361,52.9399159,-73.5491361,52.9399159
28.0473051,-26.2041028,28.0473051,-26.2041028
104.195397,35.86166,104.195397,35.86166
-81.7948103,26.1420358,-81.7948103,26.1420358
-75.7085248,41.4886892,-75.7085248,41.4886892
121.0222565,14.6090537,121.0222565,14.6090537
7.0115552,51.4556432,7.0115552,51.4556432
-72.6624209,42.3471357,-72.6624209,42.3471357
-78.4766781,38.0293059,-78.4766781,38.0293059
-85.9226662,39.2022758,-85.9226662,39.2022758
-117.2425355,33.2000368,-117.2425355,33.2000368
-122.3127747,47.667344,-122.3127747,47.667344
-122.6727305,45.6272259,-122.6727305,45.6272259
-77.042754,-12.0463731,-77.042754,-12.0463731
-74.2179326,43.2994285,-74.2179326,43.2994285
-97.0326539,33.1212809,-97.0326539,33.1212809
-95.8529977,36.2637329,-95.8529977,36.2637329
-79.5090447,36.080827,-79.5090447,36.080827
47.481766,29.31166,47.481766,29.31166
-118.4007192,34.0667131,-118.4007192,34.0667131
-74.0012147,40.718548,-74.0012147,40.718548
-97.1341783,32.9412363,-97.1341783,32.9412363
-3.2043931,51.7875779,-3.2043931,51.7875779
11.8767611,45.4064349,11.8767611,45.4064349
-90.2876646,38.6110684,-90.2876646,38.6110684
-73.9865533,40.7263542,-73.9865533,40.7263542
-2.58791,51.454513,-2.58791,51.454513
-5.9706902,37.3840655,-5.9706902,37.3840655
-79.9223592,-2.1709979,-79.9223592,-2.1709979
14.26812,40.8517983,14.26812,40.8517983
-103.3496092,20.6596988,-103.3496092,20.6596988
-82.3248262,29.6516344,-82.3248262,29.6516344
-78.8488227,-2.7409471,-78.8488227,-2.7409471
-78.183406,-1.831239,-78.183406,-1.831239
-79.2112769,-4.0078909,-79.2112769,-4.0078909
-73.567256,45.5016889,-73.567256,45.5016889
12.4963655,41.9027835,12.4963655,41.9027835
14.9841861,40.9296611,14.9841861,40.9296611
18.4221358,47.1860262,18.4221358,47.1860262
-115.4522623,32.6245389,-115.4522623,32.6245389
-73.8166179,40.7552678,-73.8166179,40.7552678
-98.2374954,19.318154,-98.2374954,19.318154
-76.6458043,39.5309389,-76.6458043,39.5309389
-90.0022958,34.9918587,-90.0022958,34.9918587
-95.9345034,41.2565369,-95.9345034,41.2565369
-100.3898876,20.5888184,-100.3898876,20.5888184
-100.3537522,44.3667876,-100.3537522,44.3667876
11.1791872,58.9383459,11.1791872,58.9383459
11.2558136,43.7695604,11.2558136,43.7695604
-100.3161126,25.6866142,-100.3161126,25.6866142
-84.2963123,33.7748275,-84.2963123,33.7748275
-0.400256,49.213999,-0.400256,49.213999
-80.2706044,26.271192,-80.2706044,26.271192
77.3177894,28.4089123,77.3177894,28.4089123
15.3795161,41.6854203,15.3795161,41.6854203
105.8341598,21.0277644,105.8341598,21.0277644
15.2551187,54.5259614,15.2551187,54.5259614
-93.2401366,44.9663002,-93.2401366,44.9663002
139.7531492,35.6732657,139.7531492,35.6732657
-100.9855409,22.1564699,-100.9855409,22.1564699
19.5033041,47.162494,19.5033041,47.162494
-98.9079782,19.3090538,-98.9079782,19.3090538
-66.590149,18.220833,-66.590149,18.220833
-119.9771868,38.939926,-119.9771868,38.939926
-90.230759,15.783471,-90.230759,15.783471
-111.8889542,40.706652,-111.8889542,40.706652
15.7180247,38.2512005,15.7180247,38.2512005
-71.4128343,41.8239891,-71.4128343,41.8239891
10.451526,51.165691,10.451526,51.165691
-99.1956012,19.4340199,-99.1956012,19.4340199
10.9861466,48.2653605,10.9861466,48.2653605
13.5900364,50.7325446,13.5900364,50.7325446
-94.7320892,36.5975163,-94.7320892,36.5975163
-101.1334267,27.8647835,-101.1334267,27.8647835
100.4941285,13.8658492,100.4941285,13.8658492
-60.0217314,-3.1190275,-60.0217314,-3.1190275
141.3468074,43.0646147,141.3468074,43.0646147
-97.861099,22.2331041,-97.861099,22.2331041
-74.6049061,40.5939636,-74.6049061,40.5939636
-75.015152,-9.189967,-75.015152,-9.189967
-74.0143064,40.7878788,-74.0143064,40.7878788
-99.2083953,19.4306575,-99.2083953,19.4306575
-83.6299518,42.9275277,-83.6299518,42.9275277
-84.2135309,33.9412127,-84.2135309,33.9412127
-104.8945887,21.5041651,-104.8945887,21.5041651
-96.7025955,40.813616,-96.7025955,40.813616
-103.3494376,20.6595382,-103.3494376,20.6595382
-86.5263857,39.165325,-86.5263857,39.165325
-83.0576156,42.7509332,-83.0576156,42.7509332
-94.3821724,38.9108408,-94.3821724,38.9108408
-84.9510542,34.502587,-84.9510542,34.502587
-82.8963604,42.4974085,-82.8963604,42.4974085
-99.1013498,18.6813049,-99.1013498,18.6813049
-86.3486792,43.4100107,-86.3486792,43.4100107
-83.1338214,42.680588,-83.1338214,42.680588
-77.1710914,38.882334,-77.1710914,38.882334
5.2103806,52.1365344,5.2103806,52.1365344
9.3501336,48.6616037,9.3501336,48.6616037
-83.2341028,42.6875323,-83.2341028,42.6875323
-95.8715409,36.2332473,-95.8715409,36.2332473
-79.9310512,32.7764749,-79.9310512,32.7764749
-75.3630796,39.8932884,-75.3630796,39.8932884
-95.7243335,37.2321077,-95.7243335,37.2321077
9.9533548,49.7913044,9.9533548,49.7913044
-95.9036356,36.0766378,-95.9036356,36.0766378
-94.8677189,36.933645,-94.8677189,36.933645
-99.2215659,18.9242095,-99.2215659,18.9242095
-4.0082563,5.3599517,-4.0082563,5.3599517
-122.310118,47.6076339,-122.310118,47.6076339
7.0982068,50.73743,7.0982068,50.73743
13.3614868,38.11569,13.3614868,38.11569
20.1414253,46.2530102,20.1414253,46.2530102
13.2171193,52.3846084,13.2171193,52.3846084
11.5819805,48.1351253,11.5819805,48.1351253
9.8452433,45.4790671,9.8452433,45.4790671
9.0128926,40.1208752,9.0128926,40.1208752
13.7136229,41.63297,13.7136229,41.63297
9.0847046,45.5373884,9.0847046,45.5373884
-1.820804,53.830186,-1.820804,53.830186
-89.5925857,20.9673702,-89.5925857,20.9673702
-101.6859605,21.1250077,-101.6859605,21.1250077
-94.4589858,18.1344779,-94.4589858,18.1344779
-98.7623874,20.0910963,-98.7623874,20.0910963
-111.8910474,40.7607793,-111.8910474,40.7607793
8.2946285,46.1160889,8.2946285,46.1160889
-73.9971564,40.7245217,-73.9971564,40.7245217
-120.9924813,37.6662209,-120.9924813,37.6662209
-104.6587821,24.5592665,-104.6587821,24.5592665
-77.8136035,-0.9962972,-77.8136035,-0.9962972
-104.0072348,19.1222634,-104.0072348,19.1222634
-118.5713823,34.456151,-118.5713823,34.456151
-73.4081575,41.117744,-73.4081575,41.117744
9.501785,56.26392,9.501785,56.26392
-70.2568189,43.6590993,-70.2568189,43.6590993
-102.2915677,21.8852562,-102.2915677,21.8852562
-98.7591311,20.1010608,-98.7591311,20.1010608
-118.3531311,33.9616801,-118.3531311,33.9616801
174.885971,-40.900557,174.885971,-40.900557
-149.9002778,61.2180556,-149.9002778,61.2180556
18.1750161,40.3515155,18.1750161,40.3515155
-101.1949825,19.7059504,-101.1949825,19.7059504
-99.0506744,19.601841,-99.0506744,19.601841
12.6216211,42.938004,12.6216211,42.938004
-74.5402506,40.2677539,-74.5402506,40.2677539
11.1899861,48.8912508,11.1899861,48.8912508
14.375416,35.937496,14.375416,35.937496
-99.3824614,20.7366982,-99.3824614,20.7366982
6.5665017,53.2193835,6.5665017,53.2193835
-96.5716694,39.1836082,-96.5716694,39.1836082
12.9213697,50.827845,12.9213697,50.827845
9.2744485,45.5845001,9.2744485,45.5845001
-135,89.9999999,-135,89.9999999
-117.2423369,33.2024551,-117.2423369,33.2024551
-80.4549026,38.5976262,-80.4549026,38.5976262
8.2472526,49.9928617,8.2472526,49.9928617
9.2106307,45.4586532,9.2106307,45.4586532
12.3155151,45.4408474,12.3155151,45.4408474
-3.7038322,40.4167515,-3.7038322,40.4167515
6.9602786,50.937531,6.9602786,50.937531
-82.3851047,27.4345938,-82.3851047,27.4345938
-101.7068294,27.058676,-101.7068294,27.058676
-3.5985571,37.1773363,-3.5985571,37.1773363
19.040235,47.497912,19.040235,47.497912
-95.894622,38.9783264,-95.894622,38.9783264
15.5446302,41.4621984,15.5446302,41.4621984
18.5581899,4.3946735,18.5581899,4.3946735
-111.9323009,33.6567432,-111.9323009,33.6567432
-116.5765035,53.9332706,-116.5765035,53.9332706
-118.463375,34.0541709,-118.463375,34.0541709
7.8421043,47.9990077,7.8421043,47.9990077
10.5267696,52.2688736,10.5267696,52.2688736
-9.1393366,38.7222524,-9.1393366,38.7222524
13.2779269,53.5678292,13.2779269,53.5678292
12.4295953,53.6126505,12.4295953,53.6126505
7.4474468,46.9479739,7.4474468,46.9479739
-0.0875363,50.8668892,-0.0875363,50.8668892
-99.1813221,19.4135567,-99.1813221,19.4135567
29.4486263,-23.8961708,29.4486263,-23.8961708
-83.4148895,36.0153693,-83.4148895,36.0153693
-79.3370188,43.8561002,-79.3370188,43.8561002
0.5792812,51.5661671,0.5792812,51.5661671
-117.1892078,34.2483396,-117.1892078,34.2483396
-80.9639908,46.4636054,-80.9639908,46.4636054
-119.6981901,34.4208305,-119.6981901,34.4208305
-43.3623207,-4.8662957,-43.3623207,-4.8662957
-122.8013332,45.4887993,-122.8013332,45.4887993
-96.4049408,42.4963416,-96.4049408,42.4963416
126.9779692,37.566535,126.9779692,37.566535
-3.919354,55.773543,-3.919354,55.773543
-88.2195564,40.1120694,-88.2195564,40.1120694
29.9270885,40.7635688,29.9270885,40.7635688
-121.3716178,38.4087993,-121.3716178,38.4087993
-92.44975,42.5071658,-92.44975,42.5071658
-83.509736,35.725626,-83.509736,35.725626
0.4022963,52.7516798,0.4022963,52.7516798
-3.651495,50.792592,-3.651495,50.792592
25.9231471,-24.6282079,25.9231471,-24.6282079
-81.2186933,35.7065217,-81.2186933,35.7065217
-118.2715063,34.10832,-118.2715063,34.10832
-107.8122852,37.9374939,-107.8122852,37.9374939
85.3239605,27.7172453,85.3239605,27.7172453
-118.6038811,34.2012124,-118.6038811,34.2012124
-84.266174,30.4762155,-84.266174,30.4762155
-82.81523525,34.69392145,-82.81523525,34.69392145
-82.66946745,40.3651595,-82.66946745,40.3651595
-123.1224015,44.065621,-123.1224015,44.065621
-117.1970827,33.6880475,-117.1970827,33.6880475
-111.547029,39.499762,-111.547029,39.499762
-95.4464865,29.8384948,-95.4464865,29.8384948
-84.433106,33.7671944,-84.433106,33.7671944
-82.66946745,40.3651595,-82.66946745,40.3651595
-97.75472415,30.3233457,-97.75472415,30.3233457
-122.6309082,45.53640175,-122.6309082,45.53640175
-89.922029,35.13352055,-89.922029,35.13352055
-112.1246767,33.5528626,-112.1246767,33.5528626
-112.1246767,33.5528626,-112.1246767,33.5528626
-80.18183465,38.9201425,-80.18183465,38.9201425
-89.922029,35.13352055,-89.922029,35.13352055
-82.98577205,39.9946835,-82.98577205,39.9946835
-77.0143985,38.89860285,-77.0143985,38.89860285
-73.4941305,40.66847555,-73.4941305,40.66847555
-87.8638975,41.90417545,-87.8638975,41.90417545
-117.851089,33.842863,-117.851089,33.842863
-78.853563,42.8962295,-78.853563,42.8962295
-97.2859135,32.7799665,-97.2859135,32.7799665
-94.1480225,36.33561235,-94.1480225,36.33561235
-106.6327181,35.1170026,-106.6327181,35.1170026
-81.45922205,31.20983025,-81.45922205,31.20983025
-116.399697,43.6120725,-116.399697,43.6120725
-81.1972753,28.588445,-81.1972753,28.588445
-82.66946745,40.3651595,-82.66946745,40.3651595
-82.66946745,40.3651595,-82.66946745,40.3651595
-77.171761,39.194049,-77.171761,39.194049
-96.8300925,46.8648825,-96.8300925,46.8648825
-78.8818,42.99366425,-78.8818,42.99366425
-98.7763765,38.3718765,-98.7763765,38.3718765
-83.1738665,32.6782075,-83.1738665,32.6782075
-93.2620465,44.9706105,-93.2620465,44.9706105
-88.0400015,41.79158405,-88.0400015,41.79158405
-83.26027415,42.4798095,-83.26027415,42.4798095
-112.1246767,33.5528626,-112.1246767,33.5528626
-121.6289255,39.121659,-121.6289255,39.121659
-96.15995355,31.7195795,-96.15995355,31.7195795
-96.69656245,40.803235,-96.69656245,40.803235
-77.2369685,38.8051145,-77.2369685,38.8051145
-77.2369685,38.8051145,-77.2369685,38.8051145
-77.2369685,38.8051145,-77.2369685,38.8051145
-118.0188559,33.9759175,-118.0188559,33.9759175
-116.237907,33.7446325,-116.237907,33.7446325
-93.4963192,41.576534,-93.4963192,41.576534
-73.7192005,41.0192955,-73.7192005,41.0192955
-79.8573635,36.090397,-79.8573635,36.090397
-87.732013,41.83358445,-87.732013,41.83358445
-86.441236,39.7665555,-86.441236,39.7665555
-73.9685415,40.780709,-73.9685415,40.780709
-85.9785995,35.8305215,-85.9785995,35.8305215
-82.77283,27.904263,-82.77283,27.904263
-80.11711665,26.931496,-80.11711665,26.931496
-115.2344355,36.01880475,-115.2344355,36.01880475
-74.867825,39.76851345,-74.867825,39.76851345
-77.0143985,38.89860285,-77.0143985,38.89860285
-95.9136419,36.1093915,-95.9136419,36.1093915
-95.9136419,36.1093915,-95.9136419,36.1093915
-83.1738665,32.6782075,-83.1738665,32.6782075
-88.08962495,42.1950965,-88.08962495,42.1950965
-75.011178,39.9395125,-75.011178,39.9395125
-98.5406515,29.417501,-98.5406515,29.417501
-98.5406515,29.417501,-98.5406515,29.417501
-76.06994605,36.8025415,-76.06994605,36.8025415
-76.06994605,36.8025415,-76.06994605,36.8025415
-76.06994605,36.8025415,-76.06994605,36.8025415
-76.06994605,36.8025415,-76.06994605,36.8025415
-118.4119065,34.0207895,-118.4119065,34.0207895
-84.1637855,39.082347,-84.1637855,39.082347
-118.5032588,34.41563105,-118.5032588,34.41563105
-79.86103375,35.1704985,-79.86103375,35.1704985
-95.4464865,29.8384948,-95.4464865,29.8384948
-70.7460865,41.9937215,-70.7460865,41.9937215
-97.4066795,31.434798,-97.4066795,31.434798
-85.7682405,37.822244,-85.7682405,37.822244
-86.2447285,32.36414515,-86.2447285,32.36414515
-93.1056485,44.94151555,-93.1056485,44.94151555
-83.804475,27.698682,-83.804475,27.698682
-84.433106,33.7671944,-84.433106,33.7671944
-115.133373,36.2491245,-115.133373,36.2491245
-121.8737305,37.331159,-121.8737305,37.331159
-119.3066075,37.2691755,-119.3066075,37.2691755
-106.4174305,31.79336815,-106.4174305,31.79336815
-117.802135,33.73378335,-117.802135,33.73378335
-106.6327181,35.1170026,-106.6327181,35.1170026
-122.6309082,45.53640175,-122.6309082,45.53640175
-122.6309082,45.53640175,-122.6309082,45.53640175
-122.6309082,45.53640175,-122.6309082,45.53640175
-115.223125,36.232915,-115.223125,36.232915
-88.9915295,40.5247748,-88.9915295,40.5247748
-86.791549,36.20000805,-86.791549,36.20000805
-81.36777265,28.50167835,-81.36777265,28.50167835
-91.044925,33.3935995,-91.044925,33.3935995
-93.301344,44.8244695,-93.301344,44.8244695
-87.732013,41.83358445,-87.732013,41.83358445
-73.8311875,40.67087955,-73.8311875,40.67087955
-85.242564,35.0919547,-85.242564,35.0919547
-79.420865,38.0033755,-79.420865,38.0033755
-117.671611,33.6463475,-117.671611,33.6463475
-84.433106,33.7671944,-84.433106,33.7671944
-75.2716135,39.986219,-75.2716135,39.986219
-106.6327181,35.1170026,-106.6327181,35.1170026
-90.011008,29.982601,-90.011008,29.982601
-71.5041171,42.75296965,-71.5041171,42.75296965
-96.093124,29.326595,-96.093124,29.326595
-84.200366,39.780358,-84.200366,39.780358
-98.675733,35.538063,-98.675733,35.538063
-73.98627709,40.39434668,-73.98627709,40.39434668
-76.362276,37.0508965,-76.362276,37.0508965
-88.0943615,44.4778405,-88.0943615,44.4778405
-111.7375657,33.4057545,-111.7375657,33.4057545
-114.1432625,45.4945515,-114.1432625,45.4945515
-76.62048175,39.284713,-76.62048175,39.284713
-78.16936155,39.167891,-78.16936155,39.167891
-112.1246767,33.5528626,-112.1246767,33.5528626
-82.672903,27.79571925,-82.672903,27.79571925
-75.770041,42.746617,-75.770041,42.746617
-98.5406515,29.417501,-98.5406515,29.417501
-80.228533,25.943867,-80.228533,25.943867
-100.0768885,31.1688935,-100.0768885,31.1688935
-73.9487755,40.655138,-73.9487755,40.655138
-82.98577205,39.9946835,-82.98577205,39.9946835
-84.37566125,38.9589205,-84.37566125,38.9589205
-100.0768885,31.1688935,-100.0768885,31.1688935
-75.3422945,40.244835,-75.3422945,40.244835
-80.0909776,26.640987,-80.0909776,26.640987
-81.972705,28.049601,-81.972705,28.049601
-86.441236,39.7665555,-86.441236,39.7665555
-72.93801145,40.7880115,-72.93801145,40.7880115
-117.851089,33.842863,-117.851089,33.842863
-82.0964045,39.320384,-82.0964045,39.320384
-95.31704,32.3156615,-95.31704,32.3156615
-96.73114255,43.5410145,-96.73114255,43.5410145
-121.83373,39.747037,-121.83373,39.747037
-93.38986395,41.9382285,-93.38986395,41.9382285
-116.9211955,44.020179,-116.9211955,44.020179
-80.06710555,37.28844485,-80.06710555,37.28844485
-82.66946745,40.3651595,-82.66946745,40.3651595
-86.4355085,36.965671,-86.4355085,36.965671
-85.026365,32.4383719,-85.026365,32.4383719
-85.026365,32.4383719,-85.026365,32.4383719
-97.75472415,30.3233457,-97.75472415,30.3233457
-83.9638415,35.9824705,-83.9638415,35.9824705
-121.7796281,36.6798675,-121.7796281,36.6798675
-79.98068965,40.4313888,-79.98068965,40.4313888
-89.218251,43.08859715,-89.218251,43.08859715
-79.85299065,38.9280068,-79.85299065,38.9280068
-87.732013,41.83358445,-87.732013,41.83358445
-122.5266845,37.9400125,-122.5266845,37.9400125
-118.4804198,34.02268805,-118.4804198,34.02268805
-118.4804198,34.02268805,-118.4804198,34.02268805
-78.8954403,35.9909825,-78.8954403,35.9909825
-88.1615555,30.683649,-88.1615555,30.683649
-77.4931705,37.529883,-77.4931705,37.529883
-117.9248925,33.8893475,-117.9248925,33.8893475
-115.0611275,36.1847539,-115.0611275,36.1847539
-86.3832475,39.8563665,-86.3832475,39.8563665
-86.1429225,39.7795625,-86.1429225,39.7795625
-89.0175665,42.2571455,-89.0175665,42.2571455
-118.4119065,34.0207895,-118.4119065,34.0207895
-122.4359785,37.7706565,-122.4359785,37.7706565
-105.5508905,38.997936,-105.5508905,38.997936
-117.1970827,33.6880475,-117.1970827,33.6880475
-85.5576145,38.1947435,-85.5576145,38.1947435
-117.849687,34.13552055,-117.849687,34.13552055
-117.849687,34.13552055,-117.849687,34.13552055
-117.849687,34.13552055,-117.849687,34.13552055
-77.604684,41.1179365,-77.604684,41.1179365
-117.1049892,32.8100122,-117.1049892,32.8100122
-122.6667405,45.72893,-122.6667405,45.72893
-75.600576,38.3604215,-75.600576,38.3604215
-122.6309082,45.53640175,-122.6309082,45.53640175
-119.034349,34.22532745,-119.034349,34.22532745
-96.785531,32.604786,-96.785531,32.604786
-74.7733365,40.2161325,-74.7733365,40.2161325
-92.4367735,38.3045585,-92.4367735,38.3045585
-80.7092255,35.1272406,-80.7092255,35.1272406
-85.7682405,37.822244,-85.7682405,37.822244
-80.3046623,25.8577318,-80.3046623,25.8577318
-121.3004253,37.980826,-121.3004253,37.980826
-121.3004253,37.980826,-121.3004253,37.980826
-82.0196119,41.3824635,-82.0196119,41.3824635
-92.43199,30.4873915,-92.43199,30.4873915
-89.2232095,37.71765405,-89.2232095,37.71765405
-75.117998,40.0048655,-75.117998,40.0048655
-120.882482,47.27302215,-120.882482,47.27302215
-90.51768415,38.7930465,-90.51768415,38.7930465
-71.4077465,42.078873,-71.4077465,42.078873
-84.4011682,39.2794515,-84.4011682,39.2794515
-83.804475,27.698682,-83.804475,27.698682
-83.804475,27.698682,-83.804475,27.698682
-79.86103375,35.1704985,-79.86103375,35.1704985
-77.2369685,38.8051145,-77.2369685,38.8051145
-119.7824645,36.786042,-119.7824645,36.786042
-70.8630148,42.85127205,-70.8630148,42.85127205
-70.8630148,42.85127205,-70.8630148,42.85127205
-111.997441,40.6787035,-111.997441,40.6787035
-81.53848,41.3908025,-81.53848,41.3908025
-80.926628,33.6311395,-80.926628,33.6311395
-78.71296315,34.307668,-78.71296315,34.307668
-75.770041,42.746617,-75.770041,42.746617
-111.9317109,34.16825365,-111.9317109,34.16825365
-90.4495815,38.593522,-90.4495815,38.593522
-93.6393635,42.0325065,-93.6393635,42.0325065
-122.3306024,47.6148172,-122.3306024,47.6148172
-74.06666295,40.7180015,-74.06666295,40.7180015
-93.4648835,45.1085325,-93.4648835,45.1085325
-98.319925,38.49819605,-98.319925,38.49819605
-78.878866,33.7033906,-78.878866,33.7033906
-122.1497682,47.5978564,-122.1497682,47.5978564
-77.4281935,39.37246775,-77.4281935,39.37246775
-74.377998,40.5387865,-74.377998,40.5387865
-96.99182815,33.04243675,-96.99182815,33.04243675
-81.6882255,28.36385665,-81.6882255,28.36385665
-77.4931705,37.529883,-77.4931705,37.529883
-75.600576,38.3604215,-75.600576,38.3604215
-68.984705,45.188407,-68.984705,45.188407
-85.7682405,37.822244,-85.7682405,37.822244
-89.53377,34.35467,-89.53377,34.35467
-97.1356375,32.70185,-97.1356375,32.70185
-81.35043465,41.1602503,-81.35043465,41.1602503
-79.86103375,35.1704985,-79.86103375,35.1704985
-106.362797,39.624827,-106.362797,39.624827
-81.4212215,41.3863933,-81.4212215,41.3863933
-80.2697322,25.944933,-80.2697322,25.944933
-112.1246767,33.5528626,-112.1246767,33.5528626
-73.045893,40.810705,-73.045893,40.810705
-98.000235,26.1769615,-98.000235,26.1769615
-118.5032588,34.41563105,-118.5032588,34.41563105
-115.223125,36.232915,-115.223125,36.232915
-92.1123075,30.2395025,-92.1123075,30.2395025
-91.4010085,30.937336,-91.4010085,30.937336
-115.1351649,36.0609645,-115.1351649,36.0609645
-95.4464865,29.8384948,-95.4464865,29.8384948
-121.469664,38.5617218,-121.469664,38.5617218
-77.0143985,38.89860285,-77.0143985,38.89860285
-121.9415794,37.758225,-121.9415794,37.758225
-90.5812485,38.651687,-90.5812485,38.651687
-80.1276188,26.645354,-80.1276188,26.645354
-97.9351917,29.8956065,-97.9351917,29.8956065
-79.420865,38.0033755,-79.420865,38.0033755
-98.5406515,29.417501,-98.5406515,29.417501
-83.1738665,32.6782075,-83.1738665,32.6782075
-95.4464865,29.8384948,-95.4464865,29.8384948
-100.0768885,31.1688935,-100.0768885,31.1688935
-73.8311875,40.67087955,-73.8311875,40.67087955
-87.0561785,41.477903,-87.0561785,41.477903
-97.2757585,33.0189255,-97.2757585,33.0189255
-82.0631849,33.4407175,-82.0631849,33.4407175
-81.36777265,28.50167835,-81.36777265,28.50167835
-118.1290418,33.8880815,-118.1290418,33.8880815
-71.052126,42.405331,-71.052126,42.405331
-71.052126,42.405331,-71.052126,42.405331
-89.65968925,39.774346,-89.65968925,39.774346
-88.21806215,41.90289175,-88.21806215,41.90289175
-96.7617535,32.8198585,-96.7617535,32.8198585
-115.223125,36.232915,-115.223125,36.232915
-77.0143985,38.89860285,-77.0143985,38.89860285
-120.882482,47.27302215,-120.882482,47.27302215
-117.9248925,33.8893475,-117.9248925,33.8893475
-87.82598475,42.08492845,-87.82598475,42.08492845
-121.0197745,37.315628,-121.0197745,37.315628
-103.147538,32.7417365,-103.147538,32.7417365
-82.0964045,39.320384,-82.0964045,39.320384
-118.4119065,34.0207895,-118.4119065,34.0207895
-118.4119065,34.0207895,-118.4119065,34.0207895
-88.4093905,33.5076145,-88.4093905,33.5076145
-96.7617535,32.8198585,-96.7617535,32.8198585
-79.8563,36.6622065,-79.8563,36.6622065
-95.4464865,29.8384948,-95.4464865,29.8384948
-98.2456743,26.24069,-98.2456743,26.24069
-86.6807375,32.576227,-86.6807375,32.576227
-114.0311501,46.8791,-114.0311501,46.8791
-82.66946745,40.3651595,-82.66946745,40.3651595
-117.6732543,33.98733245,-117.6732543,33.98733245
-90.253346,30.0093515,-90.253346,30.0093515
-73.8494415,40.8503475,-73.8494415,40.8503475
-72.67272195,42.3321275,-72.67272195,42.3321275
-83.3733495,42.39731535,-83.3733495,42.39731535
-83.3733495,42.39731535,-83.3733495,42.39731535
-83.3733495,42.39731535,-83.3733495,42.39731535
-79.64939625,40.44276,-79.64939625,40.44276
-83.1738665,32.6782075,-83.1738665,32.6782075
-92.4367735,38.3045585,-92.4367735,38.3045585
-92.4367735,38.3045585,-92.4367735,38.3045585
-93.1056485,44.94151555,-93.1056485,44.94151555
-76.62048175,39.284713,-76.62048175,39.284713
-95.4464865,29.8384948,-95.4464865,29.8384948
-83.9638415,35.9824705,-83.9638415,35.9824705
-89.2665075,39.7393005,-89.2665075,39.7393005
-98.5406515,29.417501,-98.5406515,29.417501
-75.3943155,42.306837,-75.3943155,42.306837
-79.94383735,39.6293146,-79.94383735,39.6293146
-119.3066075,37.2691755,-119.3066075,37.2691755
-77.10683,38.722179,-77.10683,38.722179
-83.804475,27.698682,-83.804475,27.698682
-74.485163,40.785951,-74.485163,40.785951
-92.131274,34.7519365,-92.131274,34.7519365
-122.1014976,47.370403,-122.1014976,47.370403
-122.1014976,47.370403,-122.1014976,47.370403
-81.7054672,41.4959395,-81.7054672,41.4959395
-83.414131,41.1655885,-83.414131,41.1655885
-79.8573635,36.090397,-79.8573635,36.090397
-77.604684,41.1179365,-77.604684,41.1179365
-118.4119065,34.0207895,-118.4119065,34.0207895
-89.5694915,44.900818,-89.5694915,44.900818
-118.346138,33.914068,-118.346138,33.914068
-122.770673,45.517652,-122.770673,45.517652
-71.683502,42.03693905,-71.683502,42.03693905
-111.032309,32.342708,-111.032309,32.342708
-86.779611,33.2980275,-86.779611,33.2980275
-87.9672925,43.05672225,-87.9672925,43.05672225
-122.2433328,47.49270705,-122.2433328,47.49270705
-115.0611275,36.1847539,-115.0611275,36.1847539
-95.4464865,29.8384948,-95.4464865,29.8384948
-74.280358,40.6098335,-74.280358,40.6098335
-97.75384,31.0793065,-97.75384,31.0793065
-95.6316893,29.6034639,-95.6316893,29.6034639
-80.404734,27.6309953,-80.404734,27.6309953
-106.6327181,35.1170026,-106.6327181,35.1170026
-106.6327181,35.1170026,-106.6327181,35.1170026
-106.6327181,35.1170026,-106.6327181,35.1170026
-106.6327181,35.1170026,-106.6327181,35.1170026
-96.7617535,32.8198585,-96.7617535,32.8198585
-79.420865,38.0033755,-79.420865,38.0033755
-94.5592817,39.1000485,-94.5592817,39.1000485
-76.255686,36.895082,-76.255686,36.895082
-100.0768885,31.1688935,-100.0768885,31.1688935
-100.0768885,31.1688935,-100.0768885,31.1688935
-83.030573,42.58130605,-83.030573,42.58130605
-98.71699175,35.3090465,-98.71699175,35.3090465
-98.1524189,26.3475255,-98.1524189,26.3475255
-76.62048175,39.284713,-76.62048175,39.284713
-79.86103375,35.1704985,-79.86103375,35.1704985
-77.349057,38.9558015,-77.349057,38.9558015
-89.2665075,39.7393005,-89.2665075,39.7393005
-95.824553,29.78399575,-95.824553,29.78399575
-75.96946395,42.1244385,-75.96946395,42.1244385
-117.2940958,34.13492515,-117.2940958,34.13492515
-120.5834015,44.14543645,-120.5834015,44.14543645
-96.7617535,32.8198585,-96.7617535,32.8198585
-117.585658,33.859093,-117.585658,33.859093
-99.6809025,41.5007293,-99.6809025,41.5007293
-80.926628,33.6311395,-80.926628,33.6311395
-77.0143985,38.89860285,-77.0143985,38.89860285
-115.223125,36.232915,-115.223125,36.232915
-118.4119065,34.0207895,-118.4119065,34.0207895
-71.566171,44.00122985,-71.566171,44.00122985
-73.8311875,40.67087955,-73.8311875,40.67087955
-76.6039565,39.1695855,-76.6039565,39.1695855
-87.732013,41.83358445,-87.732013,41.83358445
-87.732013,41.83358445,-87.732013,41.83358445
-85.9785995,35.8305215,-85.9785995,35.8305215
-86.1429225,39.7795625,-86.1429225,39.7795625
-83.804475,27.698682,-83.804475,27.698682
-77.3342235,39.696039,-77.3342235,39.696039
-74.1880345,40.00134,-74.1880345,40.00134
-74.1880345,40.00134,-74.1880345,40.00134
-90.011008,29.982601,-90.011008,29.982601
-85.9323295,41.626904,-85.9323295,41.626904
-99.31768935,38.88194975,-99.31768935,38.88194975
-90.011008,29.982601,-90.011008,29.982601
-75.770041,42.746617,-75.770041,42.746617
-82.98577205,39.9946835,-82.98577205,39.9946835
-122.3306024,47.6148172,-122.3306024,47.6148172
-87.843297,42.0158055,-87.843297,42.0158055
-76.62048175,39.284713,-76.62048175,39.284713
-117.9987325,33.69254185,-117.9987325,33.69254185
-111.7878063,43.8195945,-111.7878063,43.8195945
-111.7878063,43.8195945,-111.7878063,43.8195945
-83.4898095,42.372629,-83.4898095,42.372629
-80.18183465,38.9201425,-80.18183465,38.9201425
-74.31065835,40.5410726,-74.31065835,40.5410726
-117.7545512,40.950586,-117.7545512,40.950586
-97.455741,35.6952221,-97.455741,35.6952221
-73.9685415,40.780709,-73.9685415,40.780709
-99.6809025,41.5007293,-99.6809025,41.5007293
-97.455741,35.6952221,-97.455741,35.6952221
-76.6151805,39.396352,-76.6151805,39.396352
-77.2369685,38.8051145,-77.2369685,38.8051145
-88.028373,42.0562223,-88.028373,42.0562223
-73.9487755,40.655138,-73.9487755,40.655138
-73.9487755,40.655138,-73.9487755,40.655138
-80.1329624,25.81696565,-80.1329624,25.81696565
-81.461465,28.542375,-81.461465,28.542375
-97.2859135,32.7799665,-97.2859135,32.7799665
-117.1049892,32.8100122,-117.1049892,32.8100122
-90.011008,29.982601,-90.011008,29.982601
-90.011008,29.982601,-90.011008,29.982601
-121.8737305,37.331159,-121.8737305,37.331159
-96.60580885,33.6400952,-96.60580885,33.6400952
-105.1843751,39.793048,-105.1843751,39.793048
-105.1843751,39.793048,-105.1843751,39.793048
-73.8311875,40.67087955,-73.8311875,40.67087955
-77.604684,41.1179365,-77.604684,41.1179365
-122.4359785,37.7706565,-122.4359785,37.7706565
-75.117998,40.0048655,-75.117998,40.0048655
-74.0180395,40.9329624,-74.0180395,40.9329624
-96.621634,32.907642,-96.621634,32.907642
-87.732013,41.83358445,-87.732013,41.83358445
-73.9685415,40.780709,-73.9685415,40.780709
-88.0751745,41.91951125,-88.0751745,41.91951125
-122.3306024,47.6148172,-122.3306024,47.6148172
-118.4119065,34.0207895,-118.4119065,34.0207895
-118.4119065,34.0207895,-118.4119065,34.0207895
-118.4119065,34.0207895,-118.4119065,34.0207895
-95.4464865,29.8384948,-95.4464865,29.8384948
-120.609977,35.1054165,-120.609977,35.1054165
-122.1497682,47.5978564,-122.1497682,47.5978564
-93.809434,32.461107,-93.809434,32.461107
-118.1567104,33.8091715,-118.1567104,33.8091715
-118.1567104,33.8091715,-118.1567104,33.8091715
-115.2344355,36.01880475,-115.2344355,36.01880475
-88.4351405,42.16259025,-88.4351405,42.16259025
-79.86103375,35.1704985,-79.86103375,35.1704985
-86.29966665,39.9574345,-86.29966665,39.9574345
-82.66946745,40.3651595,-82.66946745,40.3651595
-81.36777265,28.50167835,-81.36777265,28.50167835
-74.377998,40.5387865,-74.377998,40.5387865
-70.8580915,42.5662945,-70.8580915,42.5662945
-83.804475,27.698682,-83.804475,27.698682
-117.1049892,32.8100122,-117.1049892,32.8100122
-81.187933,28.6575085,-81.187933,28.6575085
-92.4367735,38.3045585,-92.4367735,38.3045585
-112.1246767,33.5528626,-112.1246767,33.5528626
-89.47951615,41.8587364,-89.47951615,41.8587364
-79.86103375,35.1704985,-79.86103375,35.1704985
-79.86103375,35.1704985,-79.86103375,35.1704985
-79.86103375,35.1704985,-79.86103375,35.1704985
-94.82768645,39.758329,-94.82768645,39.758329
-118.3512176,33.83371455,-118.3512176,33.83371455
-79.0021125,35.054627,-79.0021125,35.054627
-119.3066075,37.2691755,-119.3066075,37.2691755
-97.2859135,32.7799665,-97.2859135,32.7799665
-82.66946745,40.3651595,-82.66946745,40.3651595
-77.316643,38.83787,-77.316643,38.83787
-89.365285,38.0692284,-89.365285,38.0692284
-107.9851605,36.71127,-107.9851605,36.71127
-119.3066075,37.2691755,-119.3066075,37.2691755
-77.604684,41.1179365,-77.604684,41.1179365
-78.657837,35.8439812,-78.657837,35.8439812
-96.690937,32.9644845,-96.690937,32.9644845
-85.7223455,38.195555,-85.7223455,38.195555
-105.1281885,39.8202065,-105.1281885,39.8202065
-85.5915266,38.2362824,-85.5915266,38.2362824
-75.770041,42.746617,-75.770041,42.746617
-79.86103375,35.1704985,-79.86103375,35.1704985
-104.8695335,39.8533665,-104.8695335,39.8533665
-118.1567104,33.8091715,-118.1567104,33.8091715
-101.897173,33.5705263,-101.897173,33.5705263
-74.951852,40.04808635,-74.951852,40.04808635
-100.0768885,31.1688935,-100.0768885,31.1688935
-79.420865,38.0033755,-79.420865,38.0033755
-73.9685415,40.780709,-73.9685415,40.780709
-118.3512176,33.83371455,-118.3512176,33.83371455
-75.8953675,41.287937,-75.8953675,41.287937
-98.5406515,29.417501,-98.5406515,29.417501
-70.292545,43.696187,-70.292545,43.696187
-121.4393834,38.410428,-121.4393834,38.410428
-80.07975545,26.281845,-80.07975545,26.281845
-111.9650695,41.2177985,-111.9650695,41.2177985
-93.809434,32.461107,-93.809434,32.461107
-75.117998,40.0048655,-75.117998,40.0048655
-122.6309082,45.53640175,-122.6309082,45.53640175
-74.7464865,40.8750805,-74.7464865,40.8750805
-74.7464865,40.8750805,-74.7464865,40.8750805
-118.4119065,34.0207895,-118.4119065,34.0207895
-111.7375657,33.4057545,-111.7375657,33.4057545
-98.219125,32.21631,-98.219125,32.21631
-79.0021125,35.054627,-79.0021125,35.054627
-115.223125,36.232915,-115.223125,36.232915
-89.273537,39.5375417,-89.273537,39.5375417
-88.0911795,42.0323445,-88.0911795,42.0323445
-96.7617535,32.8198585,-96.7617535,32.8198585
-93.463637,37.125845,-93.463637,37.125845
-90.011008,29.982601,-90.011008,29.982601
-85.6411415,42.9564115,-85.6411415,42.9564115
-79.86103375,35.1704985,-79.86103375,35.1704985
-117.9751539,34.094001,-117.9751539,34.094001
-83.099288,42.3527865,-83.099288,42.3527865
-85.04191805,35.95396155,-85.04191805,35.95396155
-75.953998,40.36256235,-75.953998,40.36256235
-91.4010085,30.937336,-91.4010085,30.937336
-111.7385665,33.29521475,-111.7385665,33.29521475
-121.8340105,38.4475385,-121.8340105,38.4475385
-73.9685415,40.780709,-73.9685415,40.780709
-119.2868675,36.544726,-119.2868675,36.544726
-119.2868675,36.544726,-119.2868675,36.544726
-95.4464865,29.8384948,-95.4464865,29.8384948
-84.3524446,33.943457,-84.3524446,33.943457
-117.851089,33.842863,-117.851089,33.842863
-111.032309,32.342708,-111.032309,32.342708
-87.732013,41.83358445,-87.732013,41.83358445
-74.1572634,40.82178575,-74.1572634,40.82178575
-80.4281821,25.6108645,-80.4281821,25.6108645
-89.876449,32.571032,-89.876449,32.571032
-81.8231765,26.622149,-81.8231765,26.622149
